Varies per block?       ,    0,Unit    ,GWh    ,     2,     1,  2016  
Varies per sequence?    ,    0                                        
# of agents             ,    1                                        
Stag,Seq.,Blck,S1                                                     
   1,   1,   1,     3.22446                                           
   2,   1,   1,     2.91242                                           
   3,   1,   1,     3.22446                                           
   4,   1,   1,     3.12045                                           
   5,   1,   1,     3.22446                                           
   6,   1,   1,     3.12045                                           
   7,   1,   1,     3.22446                                           
   8,   1,   1,     3.22446                                           
   9,   1,   1,     3.12045                                           
  10,   1,   1,     3.22446                                           
  11,   1,   1,     3.12045                                           
  12,   1,   1,     3.22446                                           
